,Adj Close**,Close,High,Low,Open,Ticker,time
0,24.13,25.7,26.48,20.53,20.92,AALB.AS,20200401
1,37.57,40.01,40.92,37.08,38.59,AALB.AS,20191201
2,31.69,33.75,43.11,32.96,39.57,AALB.AS,20200201
3,37.11,39.52,41.06,39.13,40.01,AALB.AS,20200101
4,28.37,29.19,30.89,24.75,25.0,AALB.AS,20200601
5,20.32,21.64,34.68,16.16,34.51,AALB.AS,20200301
6,23.95,24.65,25.6,21.15,24.74,AALB.AS,20200501
7,36.1,38.45,39.8,36.01,36.15,AALB.AS,20191101
8,33.86,36.06,37.96,34.05,36.4,AALB.AS,20191001
0,6.28,7.0,8.3,6.23,7.24,ABN.AS,20200401
1,14.54,16.22,16.44,14.91,15.5,ABN.AS,20191201
2,11.15,12.44,16.95,12.28,15.78,ABN.AS,20200201
3,14.1,15.72,16.98,15.4,16.22,ABN.AS,20200101
4,7.67,7.67,9.56,7.18,7.49,ABN.AS,20200601
5,6.71,7.48,12.88,6.35,12.87,ABN.AS,20200301
6,7.21,7.21,7.74,5.68,6.73,ABN.AS,20200501
7,13.89,15.49,17.59,15.49,16.7,ABN.AS,20191101
8,14.97,16.69,17.36,15.54,16.25,ABN.AS,20191001
0,16.86,16.86,17.52,12.3,12.44,ACCEL.AS,20200401
1,25.8,25.8,25.9,24.55,25.5,ACCEL.AS,20191201
2,24.9,24.9,29.3,24.75,27.7,ACCEL.AS,20200201
3,27.9,27.9,28.3,25.65,25.8,ACCEL.AS,20200101
4,22.0,22.0,22.9,20.65,22.15,ACCEL.AS,20200601
5,12.64,12.64,25.8,12.0,24.6,ACCEL.AS,20200301
6,21.85,21.85,24.8,15.3,16.5,ACCEL.AS,20200501
7,25.7,25.7,25.9,22.25,22.35,ACCEL.AS,20191101
8,22.25,22.25,22.5,21.4,22.2,ACCEL.AS,20191001
0,0.902,0.902,0.948,0.786,0.82,AXS.AS,20200401
1,1.24,1.24,1.25,1.08,1.18,AXS.AS,20191201
2,1.09,1.09,1.26,1.02,1.26,AXS.AS,20200201
3,1.25,1.25,1.26,1.19,1.24,AXS.AS,20200101
4,0.97,0.97,1.065,0.866,0.896,AXS.AS,20200601
5,0.812,0.812,1.17,0.7,1.1,AXS.AS,20200301
6,0.876,0.876,0.93,0.85,0.9,AXS.AS,20200501
7,1.17,1.17,1.215,1.134,1.1538,AXS.AS,20191101
8,1.1439,1.1439,1.1833,1.0946,1.1143,AXS.AS,20191001
0,901.2,901.2,918.8,683.2,753.2,ADYEN.AS,20200401
1,731.0,731.0,744.0,675.2,698.2,ADYEN.AS,20191201
2,797.2,797.2,897.0,730.0,835.8,ADYEN.AS,20200201
3,831.0,831.0,842.0,727.0,731.0,ADYEN.AS,20200101
4,1295.5,1295.5,1325.5,1114.5,1190.5,ADYEN.AS,20200601
5,770.6,770.6,837.4,664.4,836.6,ADYEN.AS,20200301
6,1183.0,1183.0,1198.0,861.8,874.4,ADYEN.AS,20200501
7,696.2,696.2,700.0,617.0,630.0,ADYEN.AS,20191101
8,629.4,629.4,649.0,562.8,608.0,ADYEN.AS,20191001
0,85.92,88.3,101.6,84.8,93.4,AED.BR,20200401
1,110.15,113.2,113.8,106.6,110.8,AED.BR,20191201
2,114.24,117.4,139.2,114.6,122.0,AED.BR,20200201
3,118.71,122.0,123.2,110.8,113.2,AED.BR,20200101
4,97.3,97.3,104.4,93.7,97.5,AED.BR,20200601
5,91.95,94.5,127.6,65.3,116.8,AED.BR,20200301
6,96.1,96.1,97.7,85.7,87.4,AED.BR,20200501
7,108.01,111.0,117.2,106.2,108.4,AED.BR,20191101
8,101.65,107.8,108.4,102.0,106.4,AED.BR,20191001
0,2.1829,2.35,2.578,2.033,2.22,AGN.AS,20200401
1,3.7778,4.067,4.272,3.908,4.103,AGN.AS,20191201
2,2.8526,3.071,4.017,3.024,3.669,AGN.AS,20200201
3,3.4081,3.669,4.173,3.65,4.067,AGN.AS,20200101
4,2.653,2.653,3.159,2.427,2.454,AGN.AS,20200601
5,2.1494,2.314,3.138,1.556,3.123,AGN.AS,20200301
6,2.234,2.405,2.603,1.952,2.26,AGN.AS,20200501
7,3.801,4.092,4.283,3.874,3.889,AGN.AS,20191101
8,3.6004,3.876,4.084,3.59,3.844,AGN.AS,20191001
0,21.29,22.16,23.28,20.69,20.92,AD.AS,20200401
1,21.42,22.3,23.75,22.3,23.37,AD.AS,20191201
2,20.35,21.18,23.97,20.75,22.3,AD.AS,20200201
3,21.33,22.2,22.72,21.87,22.3,AD.AS,20200101
4,23.8,24.26,24.51,22.81,22.97,AD.AS,20200601
5,20.45,21.28,23.04,18.04,21.35,AD.AS,20200301
6,22.38,22.81,24.03,21.69,21.86,AD.AS,20200501
7,22.47,23.39,24.5,22.12,22.49,AD.AS,20191101
8,21.45,22.33,23.26,22.15,23.0,AD.AS,20191001
0,4.45,4.45,5.706,4.311,5.092,AFR.F,20200401
1,9.984,9.984,10.82,9.848,10.685,AFR.F,20191201
2,6.9,6.9,9.962,6.9,8.384,AFR.F,20200201
3,8.396,8.396,10.245,8.3,9.984,AFR.F,20200101
4,4.047,4.047,6.634,3.92,4.372,AFR.F,20200601
5,5.09,5.09,7.164,3.865,7.164,AFR.F,20200301
6,4.078,4.078,4.655,3.507,4.655,AFR.F,20200501
7,10.755,10.755,10.98,9.958,10.635,AFR.F,20191101
8,10.825,10.825,10.975,9.32,9.69,AFR.F,20191001
0,14.3,14.3,15.5,13.6,14.5,AJAX.AS,20200401
1,21.4,21.4,22.8,18.2,22.1,AJAX.AS,20191201
2,17.95,17.95,20.5,17.0,20.0,AJAX.AS,20200201
3,20.2,20.2,21.8,19.75,21.4,AJAX.AS,20200101
4,15.22,15.22,15.9,13.88,14.3,AJAX.AS,20200601
5,14.75,14.75,18.25,11.95,17.1,AJAX.AS,20200301
6,14.06,14.06,14.48,13.0,14.0,AJAX.AS,20200501
7,21.83,22.1,22.4,19.0,19.1,AJAX.AS,20191101
8,18.92,19.15,19.5,18.5,18.7,AJAX.AS,20191001
0,67.69,69.2,70.76,56.3,58.08,AKZA.AS,20200401
1,88.66,90.64,92.12,85.36,86.91,AKZA.AS,20191201
2,70.57,72.15,91.22,71.85,85.36,AKZA.AS,20200201
3,83.44,85.3,91.68,84.86,90.64,AKZA.AS,20200101
4,79.74,79.74,81.44,72.0,74.74,AKZA.AS,20200601
5,58.7,60.01,75.11,45.73,73.26,AKZA.AS,20200301
6,73.6,73.6,75.76,65.7,67.12,AKZA.AS,20200501
7,85.02,86.92,89.32,82.8,82.95,AKZA.AS,20191101
8,80.35,82.55,84.55,79.7,82.0,AKZA.AS,20191001
0,26.3,26.3,26.85,20.5,20.65,ALFEN.AS,20200401
1,16.44,16.44,16.84,13.68,14.0,ALFEN.AS,20191201
2,26.65,26.65,30.3,23.95,24.25,ALFEN.AS,20200201
3,24.25,24.25,27.4,15.92,16.44,ALFEN.AS,20200101
4,35.9,35.9,36.9,27.65,28.35,ALFEN.AS,20200601
5,21.05,21.05,29.15,16.2,27.5,ALFEN.AS,20200301
6,27.85,27.85,28.8,23.75,25.5,ALFEN.AS,20200501
7,13.9,13.9,15.2,12.92,14.82,ALFEN.AS,20191101
8,14.74,14.74,15.42,12.8,13.1,ALFEN.AS,20191001
0,3.65,3.65,4.2,3.17,3.395,ATCB.AS,20200401
1,5.7,5.7,5.85,4.995,5.42,ATCB.AS,20191201
2,4.795,4.795,6.86,4.725,5.9,ATCB.AS,20200201
3,5.89,5.89,6.4,5.7,5.7,ATCB.AS,20200101
4,3.41,3.41,4.32,3.385,3.685,ATCB.AS,20200601
5,3.555,3.555,5.16,2.275,4.965,ATCB.AS,20200301
6,3.59,3.59,4.07,3.28,3.54,ATCB.AS,20200501
7,5.39,5.39,5.7,4.93,5.16,ATCB.AS,20191101
8,5.14,5.14,5.42,4.67,4.83,ATCB.AS,20191001
0,3.635,3.635,4.216,3.147,3.367,ATC.AS,20200401
1,5.748,5.748,5.848,4.974,5.414,ATC.AS,20191201
2,4.843,4.843,6.86,4.7,5.846,ATC.AS,20200201
3,5.816,5.816,6.42,5.716,5.748,ATC.AS,20200101
4,3.435,3.435,4.319,3.396,3.68,ATC.AS,20200601
5,3.531,3.531,5.164,2.262,4.998,ATC.AS,20200301
6,3.6,3.6,4.044,3.263,3.5,ATC.AS,20200501
7,5.402,5.402,5.708,4.924,5.14,ATC.AS,20191101
8,5.12,5.12,5.446,4.65,4.8,ATC.AS,20191001
0,0.466,0.466,0.5,0.37,0.39,ALX.AS,20200401
1,0.578,0.578,0.638,0.552,0.638,ALX.AS,20191201
2,0.43,0.43,0.564,0.41,0.556,ALX.AS,20200201
3,0.556,0.556,0.578,0.542,0.578,ALX.AS,20200101
4,0.435,0.435,0.489,0.42,0.46,ALX.AS,20200601
5,0.4,0.4,0.48,0.3,0.425,ALX.AS,20200301
6,0.46,0.46,0.47,0.431,0.45,ALX.AS,20200501
7,0.628,0.628,0.678,0.61,0.66,ALX.AS,20191101
8,0.65,0.65,0.716,0.64,0.69,ALX.AS,20191001
0,15.05,15.38,16.78,12.34,12.55,AMG.AS,20200401
1,21.36,21.82,21.95,19.97,21.55,AMG.AS,20191201
2,20.56,21.0,24.48,19.6,20.61,AMG.AS,20200201
3,20.16,20.6,23.28,20.6,21.82,AMG.AS,20200101
4,15.78,15.89,19.09,15.1,15.4,AMG.AS,20200601
5,12.63,12.9,22.27,11.79,21.91,AMG.AS,20200301
6,14.75,15.06,15.9,12.43,14.8,AMG.AS,20200501
7,20.91,21.36,25.63,21.1,22.4,AMG.AS,20191101
8,21.54,22.01,25.0,19.66,22.17,AMG.AS,20191001
0,18.55,19.64,19.7,15.82,16.2,ACOMO.AS,20200401
1,19.6,20.75,20.9,20.05,20.45,ACOMO.AS,20191201
2,18.57,19.66,22.0,19.36,20.7,ACOMO.AS,20200201
3,19.55,20.7,20.85,20.05,20.75,ACOMO.AS,20200101
4,19.08,19.48,20.4,18.44,19.1,ACOMO.AS,20200601
5,15.3,16.2,20.7,12.5,20.0,ACOMO.AS,20200301
6,17.89,18.94,19.78,17.84,19.12,ACOMO.AS,20200501
7,19.36,20.5,20.7,19.3,19.32,ACOMO.AS,20191101
8,18.25,19.32,19.9,18.8,19.86,ACOMO.AS,20191001
0,1.35,1.35,1.55,1.25,1.3,AND.AS,20200401
1,2.18,2.18,2.44,2.06,2.17,AND.AS,20191201
2,1.91,1.91,2.37,1.89,2.37,AND.AS,20200201
3,2.31,2.31,2.87,2.06,2.18,AND.AS,20200101
4,1.385,1.385,1.44,1.31,1.395,AND.AS,20200601
5,1.3,1.3,2.15,0.97,1.96,AND.AS,20200301
6,1.425,1.425,1.55,1.25,1.305,AND.AS,20200501
7,2.2,2.2,2.43,1.98,2.0,AND.AS,20191101
8,2.0,2.0,2.25,1.955,2.22,AND.AS,20191001
0,0.07,0.07,0.08,0.06,0.08,AAA.AS,20200401
1,0.1,0.1,0.11,0.1,0.1,AAA.AS,20191201
2,0.12,0.12,0.13,0.11,0.11,AAA.AS,20200201
3,0.11,0.11,0.11,0.1,0.1,AAA.AS,20200101
4,0.08,0.08,0.08,0.06,0.06,AAA.AS,20200601
5,0.08,0.08,0.12,0.08,0.12,AAA.AS,20200301
6,0.06,0.06,0.07,0.06,0.07,AAA.AS,20200501
7,0.1,0.1,0.12,0.1,0.12,AAA.AS,20191101
8,0.12,0.12,0.13,0.12,0.12,AAA.AS,20191001
0,22.87,23.74,24.85,18.23,18.64,APAM.AS,20200401
1,27.01,28.51,29.04,26.33,27.46,APAM.AS,20191201
2,25.53,26.94,32.56,25.67,26.0,APAM.AS,20200201
3,24.59,25.95,29.87,25.76,28.51,APAM.AS,20200101
4,24.4,24.82,27.89,23.38,25.24,APAM.AS,20200601
5,18.27,19.28,27.94,15.07,27.3,APAM.AS,20200301
6,23.84,24.75,25.05,21.24,22.68,APAM.AS,20200501
7,25.36,27.2,28.64,23.01,23.14,APAM.AS,20191101
8,21.32,22.86,23.92,20.16,22.48,APAM.AS,20191001
0,13.57,14.19,15.99,13.53,14.26,ARCAD.AS,20200401
1,19.87,20.78,21.06,17.9,18.55,ARCAD.AS,20191201
2,19.8,20.7,24.62,19.85,20.32,ARCAD.AS,20200201
3,19.66,20.56,21.54,19.72,20.78,ARCAD.AS,20200101
4,16.1,16.1,17.88,15.16,15.7,ARCAD.AS,20200601
5,13.87,14.5,21.26,12.04,20.62,ARCAD.AS,20200301
6,14.73,15.4,15.9,11.91,13.59,ARCAD.AS,20200501
7,17.65,18.46,19.44,17.55,17.76,ARCAD.AS,20191101
8,16.93,17.7,18.44,16.06,17.16,ARCAD.AS,20191001
0,10.0,10.0,10.8,7.64,8.23,MT.AS,20200401
1,15.64,15.64,17.24,14.61,15.7,MT.AS,20191201
2,12.84,12.84,16.85,12.41,13.36,MT.AS,20200201
3,13.36,13.36,16.12,13.28,15.64,MT.AS,20200101
4,9.37,9.37,11.09,8.78,8.9,MT.AS,20200601
5,8.66,8.66,13.69,5.98,13.5,MT.AS,20200301
6,8.6,8.6,10.55,6.98,9.41,MT.AS,20200501
7,15.53,15.53,16.03,13.35,13.37,MT.AS,20191101
8,13.23,13.23,14.38,11.52,13.1,MT.AS,20191001
0,99.01,100.45,107.55,81.66,88.26,ASM.AS,20200401
1,98.71,100.15,105.0,98.62,100.95,ASM.AS,20191201
2,103.44,104.95,125.8,99.0,108.65,ASM.AS,20200201
3,108.47,110.05,124.5,97.26,100.15,ASM.AS,20200101
4,137.55,137.55,137.85,104.3,107.0,ASM.AS,20200601
5,90.03,91.34,113.8,54.54,113.65,ASM.AS,20200301
6,103.05,104.55,111.25,95.02,97.0,ASM.AS,20200501
7,98.5,100.95,104.95,91.98,92.28,ASM.AS,20191101
8,87.88,90.06,101.2,80.44,84.8,ASM.AS,20191001
0,269.29,270.65,282.0,222.4,234.55,ASML.AS,20200401
1,262.38,263.7,267.8,235.6,247.3,ASML.AS,20191201
2,246.86,248.1,294.4,241.95,255.3,ASML.AS,20200201
3,252.98,254.25,274.8,254.0,263.7,ASML.AS,20200101
4,326.9,326.9,330.35,289.8,298.0,ASML.AS,20200601
5,241.24,242.45,268.9,177.52,256.1,ASML.AS,20200301
6,292.95,292.95,300.45,251.85,257.5,ASML.AS,20200501
7,244.69,247.0,249.6,235.6,236.0,ASML.AS,20191101
8,232.8,235.0,243.85,217.0,229.45,ASML.AS,20191001
0,23.29,24.55,26.01,20.7,22.29,ASRNL.AS,20200401
1,31.65,33.36,34.7,32.42,33.8,ASRNL.AS,20191201
2,28.58,30.12,37.84,29.83,33.68,ASRNL.AS,20200201
3,31.92,33.64,36.49,33.19,33.36,ASRNL.AS,20200101
4,27.34,27.34,29.77,24.77,25.07,ASRNL.AS,20200601
5,21.78,22.96,30.83,18.1,30.72,ASRNL.AS,20200301
6,23.43,24.7,26.02,20.96,23.68,ASRNL.AS,20200501
7,32.0,33.73,35.46,32.59,33.01,ASRNL.AS,20191101
8,31.13,32.81,34.3,31.42,33.3,ASRNL.AS,20191001
0,2.4536,2.515,2.93,2.51,2.7,ATRS.AS,20200401
1,3.1285,3.42,3.63,3.42,3.545,ATRS.AS,20191201
2,3.1935,3.36,3.6,3.28,3.44,ATRS.AS,20200201
3,3.2981,3.47,3.6,3.42,3.42,ATRS.AS,20200101
4,2.7804,2.85,2.9,2.675,2.685,ATRS.AS,20200601
5,2.5662,2.7,3.45,2.15,3.45,ATRS.AS,20200301
6,2.5512,2.615,2.725,2.38,2.515,ATRS.AS,20200501
7,3.2428,3.545,3.7,3.53,3.58,ATRS.AS,20191101
8,3.2748,3.58,3.7,3.34,3.635,ATRS.AS,20191001
0,3.64,3.64,4.26,3.51,3.65,AVTX.AS,20200401
1,3.15,3.15,3.24,2.77,2.8,AVTX.AS,20191201
2,4.01,4.01,5.59,3.88,4.5,AVTX.AS,20200201
3,4.34,4.34,5.26,3.12,3.15,AVTX.AS,20200101
4,6.38,6.38,8.16,5.42,5.48,AVTX.AS,20200601
5,3.8,3.8,4.8,2.83,4.0,AVTX.AS,20200301
6,5.3,5.3,5.5,3.52,3.62,AVTX.AS,20200501
7,2.76,2.76,3.35,2.35,2.46,AVTX.AS,20191101
8,2.52,2.52,2.62,2.33,2.5,AVTX.AS,20191001
0,5.07,5.07,5.42,3.99,3.99,BSGR.AS,20200401
1,9.6,9.6,10.22,9.28,10.1,BSGR.AS,20191201
2,8.18,8.18,9.37,8.0,9.1,BSGR.AS,20200201
3,9.12,9.12,10.46,9.1,9.6,BSGR.AS,20200101
4,6.31,6.31,7.8,5.82,5.99,BSGR.AS,20200601
5,4.04,4.04,8.35,3.89,8.12,BSGR.AS,20200301
6,5.85,5.85,6.05,4.62,4.97,BSGR.AS,20200501
7,9.95,10.08,11.4,9.21,11.1,BSGR.AS,20191101
8,10.78,10.92,12.5,10.86,12.24,BSGR.AS,20191001
0,1.522,1.522,1.66,1.238,1.245,BAMNB.AS,20200401
1,2.686,2.686,2.822,2.386,2.488,BAMNB.AS,20191201
2,2.456,2.456,2.694,2.362,2.482,BAMNB.AS,20200201
3,2.492,2.492,2.788,2.482,2.686,BAMNB.AS,20200101
4,1.61,1.61,1.967,1.5,1.55,BAMNB.AS,20200601
5,1.275,1.275,2.522,1.153,2.472,BAMNB.AS,20200301
6,1.524,1.524,1.62,1.252,1.499,BAMNB.AS,20200501
7,2.476,2.476,2.656,2.274,2.296,BAMNB.AS,20191101
8,2.272,2.272,2.44,2.134,2.32,BAMNB.AS,20191001
0,18.38,18.38,20.3,13.4,14.74,BFIT.AS,20200401
1,33.85,33.85,34.25,31.5,32.85,BFIT.AS,20191201
2,30.35,30.35,35.75,28.65,33.4,BFIT.AS,20200201
3,33.45,33.45,34.85,32.95,33.85,BFIT.AS,20200101
4,23.35,23.35,26.6,21.15,23.45,BFIT.AS,20200601
5,15.22,15.22,31.55,10.52,30.5,BFIT.AS,20200301
6,22.8,22.8,24.25,14.44,17.8,BFIT.AS,20200501
7,32.7,32.7,33.15,28.2,28.45,BFIT.AS,20191101
8,27.4,27.4,30.6,26.25,29.0,BFIT.AS,20191001
0,36.49,37.56,37.56,25.67,26.93,BESI.AS,20200401
1,33.47,34.46,35.5,32.78,33.5,BESI.AS,20191201
2,34.1,35.1,41.9,33.55,38.3,BESI.AS,20200201
3,37.31,38.41,39.19,33.14,34.46,BESI.AS,20200101
4,39.65,39.65,39.9,34.22,34.88,BESI.AS,20200601
5,27.01,27.8,36.62,19.63,35.7,BESI.AS,20200301
6,33.34,34.32,36.49,31.86,36.34,BESI.AS,20200501
7,32.53,33.49,34.93,32.73,33.2,BESI.AS,20191101
8,32.18,33.13,35.0,27.79,28.8,BESI.AS,20191001
0,1.62,1.62,1.91,0.971,1.0,BBED.AS,20200401
1,2.255,2.255,2.53,2.165,2.425,BBED.AS,20191201
2,1.914,1.914,2.465,1.814,2.21,BBED.AS,20200201
3,2.26,2.26,3.25,2.2,2.255,BBED.AS,20200101
4,1.834,1.834,1.96,1.532,1.574,BBED.AS,20200601
5,0.99,0.99,2.14,0.85,1.882,BBED.AS,20200301
6,1.544,1.544,1.72,1.446,1.52,BBED.AS,20200501
7,2.38,2.38,2.79,2.1,2.21,BBED.AS,20191101
8,2.215,2.215,2.395,1.598,1.78,BBED.AS,20191001
0,3.1,3.1,3.3,2.98,3.3,BEVER.AS,20200401
1,3.98,3.98,3.98,3.5,3.6,BEVER.AS,20191201
2,3.5,3.5,4.0,3.5,4.0,BEVER.AS,20200201
3,4.0,4.0,4.9,3.98,3.98,BEVER.AS,20200101
4,4.3,4.3,4.4,3.1,3.1,BEVER.AS,20200601
5,3.3,3.3,3.5,2.34,3.5,BEVER.AS,20200301
6,3.1,3.1,3.1,3.1,3.1,BEVER.AS,20200501
7,3.62,3.62,3.84,3.56,3.6,BEVER.AS,20191101
8,3.6,3.6,3.78,3.5,3.5,BEVER.AS,20191001
0,15.3,15.85,17.97,15.16,15.94,BOKA.AS,20200401
1,22.01,22.8,22.93,20.75,21.34,BOKA.AS,20191201
2,19.11,19.8,22.72,19.27,21.14,BOKA.AS,20200201
3,20.44,21.17,23.5,21.11,22.8,BOKA.AS,20200101
4,17.56,17.56,19.55,15.92,16.9,BOKA.AS,20200601
5,15.88,16.44,22.9,14.14,20.0,BOKA.AS,20200301
6,16.07,16.64,17.9,14.17,15.35,BOKA.AS,20200501
7,20.48,21.21,22.13,19.48,19.69,BOKA.AS,20191101
8,19.0,19.68,20.2,18.1,19.29,BOKA.AS,20191001
0,16.08,16.08,16.14,13.28,14.25,BGHL.AS,20200401
1,22.89,22.89,22.89,17.55,17.7,BGHL.AS,20191201
2,17.75,17.75,17.95,17.41,17.65,BGHL.AS,20200201
3,17.65,17.65,17.75,17.24,17.75,BGHL.AS,20200101
4,17.5,17.5,17.8,16.17,16.17,BGHL.AS,20200601
5,14.25,14.25,18.25,12.6,17.8,BGHL.AS,20200301
6,16.17,16.17,16.25,15.6,16.0,BGHL.AS,20200501
7,17.7,17.7,17.7,17.0,17.4,BGHL.AS,20191101
8,17.38,17.38,18.5,17.2,17.1,BGHL.AS,20191001
0,1300.0,1300.0,1300.0,18.97,18.99,BGHS.L,20200401
1,20.61,20.61,1560.0,20.43,1560.0,BGHS.L,20191201
2,1600.0,1600.0,1600.0,1495.0,1570.0,BGHS.L,20200201
3,1570.0,1570.0,1600.0,1474.0,1560.0,BGHS.L,20200101
4,14.25,14.25,14.04,14.0,14.25,BGHS.L,20200601
5,0.0,0.0,0.0,0.0,0.0,BGHS.L,20200301
6,14.25,14.25,1375.0,13.15,1300.0,BGHS.L,20200501
7,1560.0,1560.0,1600.0,1480.0,1550.0,BGHS.L,20191101
8,1550.0,1550.0,1550.0,20.2,1525.0,BGHS.L,20191001
0,18.6,18.6,19.1,17.5,18.2,BRILL.AS,20200401
1,20.7,20.7,21.4,20.3,20.7,BRILL.AS,20191201
2,20.2,20.2,23.0,20.2,21.1,BRILL.AS,20200201
3,21.1,21.1,21.1,20.5,20.7,BRILL.AS,20200101
4,18.3,18.3,19.0,17.4,18.3,BRILL.AS,20200601
5,18.2,18.2,22.0,13.2,20.5,BRILL.AS,20200301
6,18.4,18.4,19.5,17.2,18.6,BRILL.AS,20200501
7,20.7,20.7,21.0,20.3,20.7,BRILL.AS,20191101
8,20.7,20.7,21.0,20.5,20.9,BRILL.AS,20191001
0,5.43,5.76,6.3,4.6,4.7,BRNL.AS,20200401
1,8.49,9.01,9.38,8.44,8.8,BRNL.AS,20191201
2,7.03,7.46,9.26,7.17,8.3,BRNL.AS,20200201
3,7.81,8.29,9.3,8.26,9.01,BRNL.AS,20200101
4,6.36,6.36,6.89,5.65,5.88,BRNL.AS,20200601
5,4.77,5.06,7.64,4.38,7.31,BRNL.AS,20200301
6,5.39,5.72,5.95,5.09,5.6,BRNL.AS,20200501
7,8.32,8.83,9.02,8.25,8.36,BRNL.AS,20191101
8,7.8,8.28,10.7,8.0,10.54,BRNL.AS,20191001
0,12.5,12.5,13.0,10.0,10.4,CMCOM.AS,20200401
1,9.7,9.7,10.5,9.45,9.8,CMCOM.AS,20191201
2,11.7,11.7,26.4,11.6,14.1,CMCOM.AS,20200201
3,14.1,14.1,14.3,9.45,9.7,CMCOM.AS,20200101
4,14.5,14.5,17.4,14.1,16.9,CMCOM.AS,20200601
5,10.4,10.4,13.2,7.2,12.0,CMCOM.AS,20200301
6,16.4,16.4,17.0,12.1,12.5,CMCOM.AS,20200501
7,9.8,9.8,9.85,9.55,9.7,CMCOM.AS,20191101
8,9.9,9.9,9.9,9.3,9.6,CMCOM.AS,20191001
0,36.25,36.25,41.0,32.8,34.6,CCEP.AS,20200401
1,44.65,44.65,46.3,44.05,45.95,CCEP.AS,20191201
2,46.25,46.25,52.5,45.85,47.05,CCEP.AS,20200201
3,48.2,48.2,48.85,44.25,44.65,CCEP.AS,20200101
4,33.7,33.7,38.75,32.85,35.1,CCEP.AS,20200601
5,34.65,34.65,49.75,26.7,46.4,CCEP.AS,20200301
6,33.75,33.75,37.25,31.7,36.0,CCEP.AS,20200501
7,45.19,45.8,48.85,45.35,48.45,CCEP.AS,20191101
8,47.41,48.05,53.1,47.35,51.8,CCEP.AS,20191001
0,32.08,32.65,32.75,25.65,26.75,CRBN.AS,20200401
1,27.63,28.12,28.86,27.1,28.24,CRBN.AS,20191201
2,32.33,32.9,36.1,30.96,31.2,CRBN.AS,20200201
3,30.69,31.24,31.24,28.12,28.12,CRBN.AS,20200101
4,31.49,32.05,34.05,30.8,33.15,CRBN.AS,20200601
5,26.59,27.06,35.32,21.78,33.62,CRBN.AS,20200301
6,32.47,33.05,35.05,31.3,31.5,CRBN.AS,20200501
7,27.59,28.08,29.8,24.0,24.0,CRBN.AS,20191101
8,25.45,25.9,27.38,25.68,26.74,CRBN.AS,20191001
0,18.58,18.6,20.0,8.6,9.55,CLB.AS,20200401
1,33.73,34.0,42.4,32.8,41.6,CLB.AS,20191201
2,28.57,28.6,34.8,26.2,33.6,CLB.AS,20200201
3,31.55,31.8,37.4,31.8,34.0,CLB.AS,20200101
4,17.29,17.3,28.6,16.8,18.0,CLB.AS,20200601
5,9.49,9.5,28.6,6.8,28.6,CLB.AS,20200301
6,17.18,17.2,19.8,14.2,17.8,CLB.AS,20200501
7,39.09,39.4,46.0,39.2,41.8,CLB.AS,20191101
8,38.37,39.2,43.4,38.8,42.8,CLB.AS,20191001
0,1.6009,1.68,1.96,1.2,1.4,CTAC.AS,20200401
1,1.9916,2.09,2.09,1.97,2.03,CTAC.AS,20191201
2,1.9345,2.03,2.6,2.01,2.58,CTAC.AS,20200201
3,2.4586,2.58,2.96,2.09,2.09,CTAC.AS,20200101
4,1.62,1.7,1.7,1.49,1.645,CTAC.AS,20200601
5,1.2674,1.33,2.3,1.3,2.15,CTAC.AS,20200301
6,1.5962,1.675,1.69,1.52,1.68,CTAC.AS,20200501
7,1.9154,2.01,2.04,1.95,2.04,CTAC.AS,20191101
8,1.9059,2.0,2.04,1.62,2.02,CTAC.AS,20191001
0,0.76,0.76,0.8,0.44,0.46,DGB.AS,20200401
1,0.81,0.81,0.84,0.742,0.776,DGB.AS,20191201
2,0.72,0.72,0.778,0.72,0.77,DGB.AS,20200201
3,0.77,0.77,0.81,0.75,0.81,DGB.AS,20200101
4,0.59,0.59,0.7,0.56,0.635,DGB.AS,20200601
5,0.46,0.46,0.748,0.38,0.748,DGB.AS,20200301
6,0.63,0.63,0.76,0.565,0.75,DGB.AS,20200501
7,0.78,0.78,0.798,0.722,0.722,DGB.AS,20191101
8,0.73,0.73,0.82,0.71,0.82,DGB.AS,20191001
0,0.756,0.756,0.8,0.61,0.68,DPA.AS,20200401
1,1.39,1.39,1.42,1.37,1.42,DPA.AS,20191201
2,1.28,1.28,1.405,1.28,1.385,DPA.AS,20200201
3,1.385,1.385,1.45,1.35,1.39,DPA.AS,20200101
4,0.888,0.888,0.98,0.84,0.904,DPA.AS,20200601
5,0.672,0.672,1.35,0.6,1.35,DPA.AS,20200301
6,0.89,0.89,0.92,0.722,0.742,DPA.AS,20200501
7,1.42,1.42,1.44,1.3,1.315,DPA.AS,20191101
8,1.3,1.3,1.375,1.275,1.37,DPA.AS,20191001
0,109.46,111.75,115.75,98.42,100.0,DSM.AS,20200401
1,113.73,116.1,117.9,112.25,116.1,DSM.AS,20191201
2,99.67,101.75,118.6,99.38,110.15,DSM.AS,20200201
3,108.04,110.3,118.35,107.35,116.1,DSM.AS,20200101
4,122.43,123.2,124.35,114.2,116.35,DSM.AS,20200601
5,101.38,103.5,111.35,82.2,103.5,DSM.AS,20200301
6,112.7,115.05,116.95,107.7,108.35,DSM.AS,20200501
7,113.92,116.3,118.15,106.9,106.9,DSM.AS,20191101
8,104.08,106.25,111.1,104.55,110.8,DSM.AS,20191001
0,0.95,0.95,1.26,0.746,0.852,EAS2P.AS,20200401
1,1.2,1.2,1.402,1.178,1.202,EAS2P.AS,20191201
2,1.11,1.11,1.35,1.052,1.17,EAS2P.AS,20200201
3,1.17,1.17,1.25,1.166,1.2,EAS2P.AS,20200101
4,0.83,0.83,0.938,0.8,0.89,EAS2P.AS,20200601
5,0.88,0.88,1.19,0.75,1.082,EAS2P.AS,20200301
6,0.89,0.89,1.01,0.76,0.92,EAS2P.AS,20200501
7,1.2,1.2,1.26,1.182,1.26,EAS2P.AS,20191101
8,1.26,1.26,1.332,1.168,1.24,EAS2P.AS,20191001
0,8.25,8.25,9.5,7.35,9.5,ENVI.AS,20200401
1,10.7,10.7,11.0,10.3,10.4,ENVI.AS,20191201
2,10.6,10.6,10.6,9.5,10.6,ENVI.AS,20200201
3,10.6,10.6,11.0,10.2,10.7,ENVI.AS,20200101
4,7.9,7.9,8.15,7.5,8.15,ENVI.AS,20200601
5,9.5,9.5,10.6,7.1,10.6,ENVI.AS,20200301
6,8.15,8.15,8.3,7.75,8.3,ENVI.AS,20200501
7,10.5,10.5,11.1,10.3,10.9,ENVI.AS,20191101
8,10.8,10.8,11.5,10.6,10.7,ENVI.AS,20191001
0,0.043,0.043,0.0494,0.018,0.033,ESP.AS,20200401
1,0.046,0.046,0.048,0.0412,0.0452,ESP.AS,20191201
2,0.0404,0.0404,0.089,0.0332,0.087,ESP.AS,20200201
3,0.083,0.083,0.13,0.0399,0.046,ESP.AS,20200101
4,0.029,0.029,0.0338,0.0258,0.029,ESP.AS,20200601
5,0.0344,0.0344,0.054,0.032,0.04,ESP.AS,20200301
6,0.0308,0.0308,0.0578,0.025,0.047,ESP.AS,20200501
7,0.0451,0.0451,0.058,0.0425,0.0538,ESP.AS,20191101
8,0.0543,0.0543,0.077,0.013,0.077,ESP.AS,20191001
0,9.07,9.07,9.07,5.06,9.07,ECT.AS,20200401
1,9.07,9.07,9.07,9.07,9.07,ECT.AS,20191201
2,9.07,9.07,9.07,7.6,9.07,ECT.AS,20200201
3,9.07,9.07,9.07,9.07,9.07,ECT.AS,20200101
4,9.07,9.07,9.07,9.07,9.07,ECT.AS,20200601
5,9.07,9.07,9.07,9.07,9.07,ECT.AS,20200301
6,9.07,9.07,9.07,9.07,9.07,ECT.AS,20200501
7,9.07,9.07,9.07,9.07,9.07,ECT.AS,20191101
8,9.07,9.07,9.07,9.07,9.07,ECT.AS,20191001
0,10.14,10.14,11.12,7.58,8.5,ECMPA.AS,20200401
1,25.0,25.0,26.26,24.52,26.12,ECMPA.AS,20191201
2,19.93,19.93,23.6,19.79,22.8,ECMPA.AS,20200201
3,22.56,22.56,25.36,22.54,25.0,ECMPA.AS,20200101
4,11.4,11.4,15.62,11.28,11.64,ECMPA.AS,20200601
5,8.83,8.83,20.7,8.46,20.5,ECMPA.AS,20200301
6,11.42,11.42,12.36,8.68,10.04,ECMPA.AS,20200501
7,24.2,26.12,29.6,25.9,28.7,ECMPA.AS,20191101
8,26.49,28.6,29.22,25.36,25.66,ECMPA.AS,20191001
0,75.14,76.6,80.75,64.55,65.85,ENX.PA,20200401
1,71.26,72.65,73.85,67.15,68.4,ENX.PA,20191201
2,73.81,75.25,83.2,74.65,79.1,ENX.PA,20200201
3,76.85,78.35,80.35,72.65,72.65,ENX.PA,20200101
4,89.25,89.25,90.35,76.7,84.1,ENX.PA,20200601
5,66.51,67.8,80.85,52.9,74.0,ENX.PA,20200301
6,81.32,82.9,88.9,75.0,78.9,ENX.PA,20200501
7,67.24,68.55,75.3,64.0,73.4,ENX.PA,20191101
8,70.87,72.25,75.95,67.2,75.2,ENX.PA,20191001
0,20.5,20.58,21.5,16.77,17.72,FAGR.BR,20200401
1,19.25,19.33,19.47,18.35,18.5,FAGR.BR,20191201
2,18.96,19.04,23.26,18.31,20.88,FAGR.BR,20200201
3,20.82,20.9,21.04,19.3,19.33,FAGR.BR,20200101
4,18.7,18.7,21.7,18.42,21.6,FAGR.BR,20200601
5,17.91,17.98,20.22,13.85,19.12,FAGR.BR,20200301
6,21.41,21.5,21.74,19.13,20.3,FAGR.BR,20200501
7,18.46,18.53,18.65,16.95,17.1,FAGR.BR,20191101
8,16.94,17.01,17.85,15.32,16.34,FAGR.BR,20191001
0,10.0,10.0,10.1,8.5,9.2,FAST.AS,20200401
1,13.6,13.6,14.25,13.0,14.2,FAST.AS,20191201
2,10.42,10.42,12.89,10.0,11.83,FAST.AS,20200201
3,11.97,11.97,14.12,11.75,13.6,FAST.AS,20200101
4,11.32,11.32,13.0,9.75,9.94,FAST.AS,20200601
5,9.01,9.01,11.1,6.5,10.5,FAST.AS,20200301
6,9.85,9.85,10.1,9.5,9.9,FAST.AS,20200501
7,14.2,14.2,14.6,13.25,13.45,FAST.AS,20191101
8,13.4,13.4,14.5,11.69,12.4,FAST.AS,20191001
0,29.82,30.4,33.44,26.6,27.4,FLOW.AS,20200401
1,21.13,21.54,22.12,20.22,21.3,FLOW.AS,20191201
2,21.27,21.68,22.56,19.02,21.1,FLOW.AS,20200201
3,20.64,21.04,22.68,20.4,21.54,FLOW.AS,20200101
4,31.84,31.84,33.3,30.24,31.48,FLOW.AS,20200601
5,26.74,27.26,27.96,20.86,21.78,FLOW.AS,20200301
6,31.52,31.52,32.74,30.08,30.52,FLOW.AS,20200501
7,20.9,21.3,22.42,20.94,21.1,FLOW.AS,20191101
8,20.72,21.12,24.14,20.8,23.94,FLOW.AS,20191001
0,5.99,6.08,6.44,5.5,5.55,FFARM.AS,20200401
1,5.66,5.74,5.93,5.52,5.65,FFARM.AS,20191201
2,5.42,5.5,6.25,5.38,5.84,FFARM.AS,20200201
3,5.82,5.9,6.45,5.71,5.74,FFARM.AS,20200101
4,5.44,5.44,5.95,5.18,5.82,FFARM.AS,20200601
5,5.56,5.64,6.26,4.66,5.49,FFARM.AS,20200301
6,5.72,5.72,6.09,5.63,6.0,FFARM.AS,20200501
7,5.51,5.59,5.91,5.43,5.46,FFARM.AS,20191101
8,5.35,5.43,5.9,5.33,5.8,FFARM.AS,20191001
0,3.4,3.4,4.68,3.05,3.638,FUR.AS,20200401
1,9.978,9.978,9.978,8.04,8.472,FUR.AS,20191201
2,7.192,7.192,11.16,6.864,9.678,FUR.AS,20200201
3,9.5,9.5,10.68,9.074,9.978,FUR.AS,20200101
4,3.466,3.466,5.635,3.39,3.534,FUR.AS,20200601
5,3.718,3.718,8.084,3.02,7.6,FUR.AS,20200301
6,3.398,3.398,3.88,3.09,3.27,FUR.AS,20200501
7,8.538,8.538,8.868,7.95,8.09,FUR.AS,20191101
8,8.09,8.09,8.35,5.688,6.34,FUR.AS,20191001
0,201.5,201.5,205.4,168.2,174.0,GLPG.AS,20200401
1,186.5,186.5,198.4,176.0,178.55,GLPG.AS,20191201
2,187.3,187.3,252.9,177.0,201.0,GLPG.AS,20200201
3,202.1,202.1,218.4,180.95,186.5,GLPG.AS,20200101
4,175.05,175.05,191.75,165.0,185.0,GLPG.AS,20200601
5,181.0,181.0,204.8,130.8,195.0,GLPG.AS,20200301
6,183.35,183.35,216.1,177.9,195.15,GLPG.AS,20200501
7,178.85,178.85,180.0,162.35,165.8,GLPG.AS,20191101
8,164.8,164.8,167.15,131.55,140.5,GLPG.AS,20191001
0,23.86,24.2,25.25,21.8,24.4,GVNV.AS,20200401
1,27.03,27.42,27.54,27.32,27.54,GVNV.AS,20191201
2,27.15,27.54,27.8,27.52,27.68,GVNV.AS,20200201
3,27.27,27.66,27.82,27.36,27.42,GVNV.AS,20200101
4,25.35,25.35,25.85,23.7,24.4,GVNV.AS,20200601
5,24.59,24.94,27.66,16.55,27.6,GVNV.AS,20200301
6,24.4,24.4,25.5,23.85,24.05,GVNV.AS,20200501
7,27.11,27.5,27.6,27.3,27.42,GVNV.AS,20191101
8,27.01,27.4,27.78,27.4,27.48,GVNV.AS,20191001
0,111.9,117.2,120.8,109.0,109.0,HAL.AS,20200401
1,137.49,144.0,146.2,141.2,145.4,HAL.AS,20191201
2,124.31,130.2,145.6,127.0,144.0,HAL.AS,20200201
3,137.68,144.2,147.0,143.0,144.0,HAL.AS,20200101
4,123.67,126.4,131.8,122.8,124.0,HAL.AS,20200601
5,106.36,111.4,137.2,97.2,132.0,HAL.AS,20200301
6,117.44,123.0,125.8,112.4,115.6,HAL.AS,20200501
7,138.06,144.6,147.8,136.0,136.0,HAL.AS,20191101
8,129.85,136.0,138.4,132.2,135.6,HAL.AS,20191001
0,6.04,6.35,6.64,5.16,5.3,HEIJM.AS,20200401
1,7.13,7.5,7.79,7.11,7.42,HEIJM.AS,20191201
2,6.94,7.3,8.48,7.02,7.16,HEIJM.AS,20200201
3,6.81,7.16,7.99,7.14,7.5,HEIJM.AS,20200101
4,6.7,6.7,7.08,5.95,6.2,HEIJM.AS,20200601
5,5.19,5.46,7.65,4.47,7.5,HEIJM.AS,20200301
6,6.11,6.11,6.83,5.9,6.26,HEIJM.AS,20200501
7,7.02,7.38,8.28,7.2,7.3,HEIJM.AS,20191101
8,6.89,7.25,7.88,7.07,7.72,HEIJM.AS,20191001
0,76.55,77.62,79.58,70.58,74.26,HEIA.AS,20200401
1,93.61,94.92,96.72,92.48,94.12,HEIA.AS,20191201
2,88.97,90.22,105.0,88.64,97.84,HEIA.AS,20200201
3,96.96,98.32,103.95,94.92,94.92,HEIA.AS,20200101
4,82.06,82.06,87.18,79.7,83.1,HEIA.AS,20200601
5,75.11,76.16,93.9,68.82,92.5,HEIA.AS,20200301
6,82.48,82.48,84.62,71.26,75.76,HEIA.AS,20200501
7,92.74,94.04,94.9,89.56,92.06,HEIA.AS,20191101
8,90.2,91.46,99.88,90.1,99.58,HEIA.AS,20191001
0,70.02,71.1,72.6,65.3,68.2,HEIO.AS,20200401
1,85.08,86.4,88.5,85.0,87.0,HEIO.AS,20191201
2,78.58,79.8,94.25,78.65,88.7,HEIO.AS,20200201
3,87.55,88.9,94.85,86.4,86.4,HEIO.AS,20200101
4,72.85,72.85,79.55,70.9,75.0,HEIO.AS,20200601
5,68.79,69.85,83.2,61.55,82.5,HEIO.AS,20200301
6,74.1,74.1,76.75,65.05,69.5,HEIO.AS,20200501
7,85.67,87.0,88.25,84.45,85.2,HEIO.AS,20191101
8,84.1,85.4,92.2,83.85,91.7,HEIO.AS,20191001
0,93.0,93.0,94.0,80.0,80.5,HOLCO.AS,20200401
1,105.0,105.0,105.0,95.5,97.0,HOLCO.AS,20191201
2,93.0,93.0,113.0,92.5,103.0,HOLCO.AS,20200201
3,103.0,103.0,110.0,101.0,105.0,HOLCO.AS,20200101
4,94.0,94.0,102.0,91.5,102.0,HOLCO.AS,20200601
5,80.0,80.0,101.0,77.0,93.0,HOLCO.AS,20200301
6,99.5,99.5,100.0,85.0,89.0,HOLCO.AS,20200501
7,96.5,96.5,97.5,89.5,91.0,HOLCO.AS,20191101
8,91.0,91.0,92.5,81.0,83.0,HOLCO.AS,20191001
0,40.64,42.6,45.2,38.0,41.0,HDG.AS,20200401
1,55.33,58.0,59.4,56.6,59.4,HDG.AS,20191201
2,51.32,53.8,61.6,52.6,59.0,HDG.AS,20200201
3,56.28,59.0,61.6,57.0,58.0,HDG.AS,20200101
4,45.31,47.5,49.4,43.1,43.7,HDG.AS,20200601
5,39.11,41.0,55.2,36.0,53.2,HDG.AS,20200301
6,41.31,43.3,46.0,39.3,42.5,HDG.AS,20200501
7,55.9,58.6,59.6,57.2,58.2,HDG.AS,20191101
8,54.76,57.4,60.2,57.2,59.8,HDG.AS,20191001
0,1.89,0.21,0.22,0.21,0.21,HUNDP.AS,20200401
1,1.89,0.21,0.21,0.21,0.21,HUNDP.AS,20191201
2,2.52,0.28,0.28,0.236,0.236,HUNDP.AS,20200201
3,2.124,0.236,0.28,0.21,0.21,HUNDP.AS,20200101
4,1.89,0.21,0.21,0.21,0.21,HUNDP.AS,20200601
5,1.89,0.21,0.28,0.21,0.28,HUNDP.AS,20200301
6,1.89,0.21,0.21,0.21,0.21,HUNDP.AS,20200501
7,1.89,0.21,0.21,0.21,0.21,HUNDP.AS,20191101
8,1.89,0.21,0.21,0.21,0.21,HUNDP.AS,20191001
0,45.2,45.2,45.2,41.2,43.0,HYDRA.AS,20200401
1,68.5,68.5,69.0,66.5,68.5,HYDRA.AS,20191201
2,65.0,65.0,70.0,63.5,63.5,HYDRA.AS,20200201
3,63.5,63.5,68.5,62.5,68.5,HYDRA.AS,20200101
4,45.0,45.0,49.0,43.4,49.0,HYDRA.AS,20200601
5,42.2,42.2,65.0,42.0,65.0,HYDRA.AS,20200301
6,49.6,49.6,49.8,42.0,45.0,HYDRA.AS,20200501
7,68.5,68.5,70.0,67.5,70.0,HYDRA.AS,20191101
8,69.0,69.0,72.0,67.5,72.0,HYDRA.AS,20191001
0,7.12,7.12,8.1,6.4,7.8,ICT.AS,20200401
1,11.4,11.4,11.5,11.2,11.4,ICT.AS,20191201
2,9.44,9.44,13.35,9.4,11.55,ICT.AS,20200201
3,11.75,11.75,11.95,11.2,11.4,ICT.AS,20200101
4,7.74,7.74,8.6,7.6,7.66,ICT.AS,20200601
5,8.04,8.04,9.68,4.76,9.52,ICT.AS,20200301
6,7.54,7.54,8.26,6.1,7.1,ICT.AS,20200501
7,11.25,11.25,11.9,11.15,11.8,ICT.AS,20191101
8,11.8,11.8,13.3,11.75,13.15,ICT.AS,20191001
0,2.4,2.4,2.4,2.4,2.4,IEX.AS,20200401
1,3.8,3.8,3.8,3.8,3.8,IEX.AS,20191201
2,3.02,3.02,3.02,3.0,3.0,IEX.AS,20200201
3,3.0,3.0,3.8,3.0,3.8,IEX.AS,20200101
4,2.5,2.5,3.3,2.5,3.3,IEX.AS,20200601
5,2.4,2.4,3.02,2.4,3.02,IEX.AS,20200301
6,3.3,3.3,3.3,2.4,2.4,IEX.AS,20200501
7,3.8,3.8,3.8,3.8,3.8,IEX.AS,20191101
8,3.8,3.8,3.8,3.8,3.8,IEX.AS,20191001
0,78.99,80.72,82.84,60.58,63.3,IMCD.AS,20200401
1,76.13,77.8,80.45,70.3,75.5,IMCD.AS,20191201
2,72.36,73.95,85.05,71.6,78.1,IMCD.AS,20200201
3,76.37,78.05,80.6,76.4,77.8,IMCD.AS,20200101
4,82.78,83.68,86.96,76.1,85.2,IMCD.AS,20200601
5,63.36,64.75,77.75,51.65,75.15,IMCD.AS,20200301
6,83.0,84.82,86.6,76.88,77.96,IMCD.AS,20200501
7,73.88,75.5,77.0,66.6,70.65,IMCD.AS,20191101
8,68.4,69.9,72.55,64.85,68.15,IMCD.AS,20191001
0,4.59,5.01,5.59,4.51,4.75,INGA.AS,20200401
1,9.79,10.69,11.02,10.07,10.47,INGA.AS,20191201
2,7.89,8.61,10.91,8.31,9.84,INGA.AS,20200201
3,9.0,9.82,11.26,9.77,10.69,INGA.AS,20200101
4,6.2,6.2,7.45,5.84,5.98,INGA.AS,20200601
5,4.38,4.78,8.78,4.23,8.78,INGA.AS,20200301
6,5.81,5.81,6.24,4.58,4.78,INGA.AS,20200501
7,9.57,10.44,10.88,10.05,10.15,INGA.AS,20191101
8,9.28,10.13,10.49,8.96,9.65,INGA.AS,20191001
0,14.38,14.38,14.6,10.66,11.06,INTER.AS,20200401
1,17.31,17.31,17.42,16.0,17.01,INTER.AS,20191201
2,15.21,15.21,17.51,14.89,16.29,INTER.AS,20200201
3,16.06,16.06,17.75,15.65,17.31,INTER.AS,20200101
4,15.16,15.16,15.72,13.52,14.4,INTER.AS,20200601
5,11.39,11.39,16.36,10.3,15.46,INTER.AS,20200301
6,14.22,14.22,14.4,12.98,14.1,INTER.AS,20200501
7,16.76,17.06,17.28,16.28,17.0,INTER.AS,20191101
8,16.74,17.04,18.07,16.82,17.84,INTER.AS,20191001
0,36.08,36.08,38.5,35.0,37.0,JDEP.AS,20200601
1,35.84,35.84,37.1,34.0,35.0,JDEP.AS,20200501
0,93.02,93.02,94.5,66.04,66.6,TKWY.AS,20200401
1,82.2,82.2,90.2,77.3,82.0,TKWY.AS,20191201
2,79.3,79.3,99.2,75.7,84.7,TKWY.AS,20200201
3,85.1,85.1,88.8,81.85,82.2,TKWY.AS,20200101
4,92.76,92.76,102.3,79.74,98.02,TKWY.AS,20200601
5,68.7,68.7,85.0,58.8,81.0,TKWY.AS,20200301
6,97.56,97.56,100.7,88.84,90.1,TKWY.AS,20200501
7,81.6,81.6,84.6,70.25,73.5,TKWY.AS,20191101
8,73.0,73.0,76.5,69.2,73.5,TKWY.AS,20191001
0,0.028,0.028,0.0338,0.023,0.024,KARD.AS,20200401
1,0.0412,0.0412,0.0678,0.032,0.037,KARD.AS,20191201
2,0.0274,0.0274,0.0438,0.0162,0.04,KARD.AS,20200201
3,0.0408,0.0408,0.0432,0.0374,0.0412,KARD.AS,20200101
4,0.0212,0.0212,0.0446,0.019,0.036,KARD.AS,20200601
5,0.0242,0.0242,0.0408,0.018,0.029,KARD.AS,20200301
6,0.035,0.035,0.036,0.0268,0.029,KARD.AS,20200501
7,0.0374,0.0374,0.045,0.037,0.0412,KARD.AS,20191101
8,0.0438,0.0438,0.0568,0.041,0.049,KARD.AS,20191001
0,10.96,10.96,11.5,9.44,9.7,KENDR.AS,20200401
1,20.95,20.95,21.3,20.2,21.1,KENDR.AS,20191201
2,18.12,18.12,20.95,17.44,19.8,KENDR.AS,20200201
3,19.8,19.8,21.8,19.8,20.95,KENDR.AS,20200101
4,11.8,11.8,13.88,10.14,10.48,KENDR.AS,20200601
5,9.82,9.82,18.9,8.03,17.6,KENDR.AS,20200301
6,10.26,10.26,12.2,8.46,10.9,KENDR.AS,20200501
7,20.9,20.9,22.65,17.72,19.0,KENDR.AS,20191101
8,19.02,19.02,19.58,16.6,18.3,KENDR.AS,20191001
0,1.91,1.91,2.35,1.251,1.28,KDS.AS,20200401
1,1.99,1.99,2.89,1.96,2.714,KDS.AS,20191201
2,1.74,1.74,2.16,1.651,1.86,KDS.AS,20200201
3,1.86,1.86,2.38,1.804,1.99,KDS.AS,20200101
4,1.47,1.47,1.823,1.454,1.77,KDS.AS,20200601
5,1.306,1.306,1.93,1.26,1.8,KDS.AS,20200301
6,1.787,1.787,2.334,1.72,1.85,KDS.AS,20200501
7,2.748,2.748,3.44,1.311,2.2,KDS.AS,20191101
8,2.17,2.17,5.49,1.91,5.11,KDS.AS,20191001
0,1.9945,2.112,2.265,1.9525,2.11,KPN.AS,20200401
1,2.4847,2.631,2.813,2.595,2.809,KPN.AS,20191201
2,2.0786,2.201,2.546,2.176,2.53,KPN.AS,20200201
3,2.3921,2.533,2.785,2.468,2.631,KPN.AS,20200101
4,2.3161,2.36,2.388,2.186,2.226,KPN.AS,20200601
5,2.055,2.176,2.317,1.697,2.21,KPN.AS,20200301
6,2.163,2.204,2.219,2.04,2.043,KPN.AS,20200501
7,2.6405,2.796,2.867,2.724,2.781,KPN.AS,20191101
8,2.6254,2.78,2.978,2.748,2.85,KPN.AS,20191001
0,0.198,0.198,0.2,0.152,0.154,LVIDE.AS,20200401
1,0.2,0.2,0.218,0.194,0.214,LVIDE.AS,20191201
2,0.238,0.238,0.256,0.21,0.216,LVIDE.AS,20200201
3,0.218,0.218,0.218,0.19,0.2,LVIDE.AS,20200101
4,0.26,0.26,0.3,0.186,0.195,LVIDE.AS,20200601
5,0.169,0.169,0.25,0.152,0.238,LVIDE.AS,20200301
6,0.2,0.2,0.24,0.17,0.18,LVIDE.AS,20200501
7,0.21,0.21,0.228,0.179,0.197,LVIDE.AS,20191101
8,0.2,0.2,0.236,0.19,0.2,LVIDE.AS,20191001
0,8.3,8.3,8.64,7.56,7.94,BOLS.AS,20200401
1,14.05,14.05,14.25,13.75,14.05,BOLS.AS,20191201
2,12.1,12.1,13.65,11.8,13.35,BOLS.AS,20200201
3,13.5,13.5,14.35,13.3,14.05,BOLS.AS,20200101
4,8.3,8.3,9.96,8.2,8.58,BOLS.AS,20200601
5,7.7,7.7,12.7,7.24,12.0,BOLS.AS,20200301
6,8.58,8.58,8.58,7.62,8.26,BOLS.AS,20200501
7,13.7,14.05,14.55,13.8,14.25,BOLS.AS,20191101
8,13.9,14.25,14.5,13.9,14.2,BOLS.AS,20191001
0,3.92,3.92,4.1,3.41,3.41,MAREL.AS,20200401
1,4.4709,4.55,4.7,4.4,4.7,MAREL.AS,20191201
2,3.9206,3.99,4.41,3.9,4.26,MAREL.AS,20200201
3,4.1859,4.26,4.75,4.18,4.55,MAREL.AS,20200101
4,4.6,4.6,4.75,4.0,4.72,MAREL.AS,20200601
5,3.4588,3.52,4.15,2.88,4.15,MAREL.AS,20200301
6,4.68,4.68,4.75,3.71,3.85,MAREL.AS,20200501
7,4.6183,4.7,4.7,4.12,4.18,MAREL.AS,20191101
8,4.0877,4.16,4.45,3.91,4.25,MAREL.AS,20191001
0,0.125,0.125,0.14,0.109,0.13,NEDSE.AS,20200401
1,0.151,0.151,0.155,0.134,0.154,NEDSE.AS,20191201
2,0.142,0.142,0.157,0.136,0.155,NEDSE.AS,20200201
3,0.155,0.155,0.169,0.137,0.151,NEDSE.AS,20200101
4,0.129,0.129,0.138,0.12,0.128,NEDSE.AS,20200601
5,0.13,0.13,0.142,0.104,0.139,NEDSE.AS,20200301
6,0.128,0.128,0.138,0.12,0.125,NEDSE.AS,20200501
7,0.15,0.15,0.159,0.141,0.155,NEDSE.AS,20191101
8,0.15,0.15,0.173,0.14,0.173,NEDSE.AS,20191001
0,0.28,0.28,0.292,0.222,0.274,MORE.AS,20200401
1,0.296,0.296,0.298,0.276,0.276,MORE.AS,20191201
2,0.252,0.252,0.29,0.252,0.264,MORE.AS,20200201
3,0.29,0.29,0.298,0.262,0.296,MORE.AS,20200101
4,0.248,0.248,0.282,0.23,0.27,MORE.AS,20200601
5,0.278,0.278,0.292,0.21,0.28,MORE.AS,20200301
6,0.278,0.278,0.292,0.252,0.29,MORE.AS,20200501
7,0.298,0.298,0.298,0.278,0.298,MORE.AS,20191101
8,0.298,0.298,0.298,0.276,0.298,MORE.AS,20191001
0,30.18,34.9,37.4,30.6,37.4,NEDAP.AS,20200401
1,41.95,48.5,49.4,47.4,48.3,NEDAP.AS,20191201
2,40.82,47.2,51.8,45.6,48.8,NEDAP.AS,20200201
3,42.29,48.9,49.5,47.2,48.5,NEDAP.AS,20200101
4,41.2,41.2,43.5,35.1,35.1,NEDAP.AS,20200601
5,31.14,36.0,50.8,31.5,47.4,NEDAP.AS,20200301
6,35.1,35.1,35.7,33.0,34.2,NEDAP.AS,20200501
7,41.77,48.3,50.6,46.8,48.1,NEDAP.AS,20191101
8,41.6,48.1,48.6,44.5,45.4,NEDAP.AS,20191001
0,4.14,4.14,5.35,3.88,5.05,NRP.AS,20200401
1,3.1841,8.05,8.05,7.75,7.85,NRP.AS,20191201
2,3.0061,7.6,8.05,7.6,7.9,NRP.AS,20200201
3,3.1643,8.0,8.05,7.6,8.05,NRP.AS,20200101
4,4.5,4.5,5.7,4.5,4.56,NRP.AS,20200601
5,1.9975,5.05,8.05,5.0,7.95,NRP.AS,20200301
6,4.56,4.56,5.3,4.0,4.36,NRP.AS,20200501
7,3.1248,7.9,8.4,7.7,7.8,NRP.AS,20191101
8,1.2274,7.8,8.3,7.65,8.3,NRP.AS,20191001
0,0.087,0.087,0.098,0.08,0.098,NSE.AS,20200401
1,0.115,0.115,0.115,0.081,0.0825,NSE.AS,20191201
2,0.0905,0.0905,0.15,0.09,0.15,NSE.AS,20200201
3,0.15,0.15,0.181,0.115,0.115,NSE.AS,20200101
4,0.077,0.077,0.0875,0.07,0.085,NSE.AS,20200601
5,0.098,0.098,0.12,0.09,0.0995,NSE.AS,20200301
6,0.082,0.082,0.088,0.0805,0.085,NSE.AS,20200501
7,0.0915,0.0915,0.092,0.083,0.086,NSE.AS,20191101
8,0.086,0.086,0.094,0.08,0.085,NSE.AS,20191001
0,6.11,6.4,6.7,5.3,5.48,NEWAY.AS,20200401
1,9.51,9.96,10.0,9.42,9.6,NEWAY.AS,20191201
2,7.45,7.8,9.16,7.6,9.0,NEWAY.AS,20200201
3,8.71,9.12,10.2,8.4,9.96,NEWAY.AS,20200101
4,7.32,7.32,8.0,6.7,7.3,NEWAY.AS,20200601
5,5.35,5.6,7.96,4.75,7.5,NEWAY.AS,20200301
6,7.3,7.3,7.8,5.94,6.2,NEWAY.AS,20200501
7,9.17,9.6,9.84,9.28,9.3,NEWAY.AS,20191101
8,8.88,9.3,10.5,9.1,10.45,NEWAY.AS,20191001
0,6.85,6.85,8.17,5.42,6.83,NIBC.AS,20200401
1,7.52,7.52,7.54,7.01,7.02,NIBC.AS,20191201
2,9.69,9.69,9.82,8.25,8.29,NIBC.AS,20200201
3,8.27,8.27,8.35,7.43,7.52,NIBC.AS,20200101
4,6.94,6.94,7.86,6.7,7.2,NIBC.AS,20200601
5,6.95,6.95,9.7,3.86,9.68,NIBC.AS,20200301
6,7.17,7.17,7.62,6.11,6.53,NIBC.AS,20200501
7,7.05,7.05,7.65,7.03,7.21,NIBC.AS,20191101
8,7.3,7.3,7.39,6.92,7.15,NIBC.AS,20191001
0,24.67,26.41,27.47,21.8,23.57,NN.AS,20200401
1,31.59,33.82,35.27,33.48,34.95,NN.AS,20191201
2,28.81,30.84,38.25,30.67,31.5,NN.AS,20200201
3,29.33,31.4,34.72,31.4,33.82,NN.AS,20200101
4,27.93,29.9,32.39,27.84,28.27,NN.AS,20200601
5,22.98,24.6,31.64,19.1,31.5,NN.AS,20200301
6,25.94,27.77,29.05,22.79,25.44,NN.AS,20200501
7,32.55,34.84,36.34,34.06,34.3,NN.AS,20191101
8,31.92,34.17,35.06,30.85,32.67,NN.AS,20191001
0,0.96,0.96,0.97,0.85,0.9,NOVI.AS,20200401
1,1.05,1.05,1.14,1.03,1.1,NOVI.AS,20191201
2,1.01,1.01,1.07,1.01,1.04,NOVI.AS,20200201
3,1.04,1.04,1.12,1.03,1.05,NOVI.AS,20200101
4,0.825,0.825,0.99,0.8,0.91,NOVI.AS,20200601
5,0.9,0.9,1.03,0.9,1.01,NOVI.AS,20200301
6,0.9,0.9,1.01,0.88,0.96,NOVI.AS,20200501
7,1.05,1.05,1.07,1.01,1.03,NOVI.AS,20191101
8,1.03,1.03,1.07,1.01,1.04,NOVI.AS,20191001
0,35.7,35.7,41.7,34.55,36.5,NSI.AS,20200401
1,43.4,43.4,44.25,40.1,40.5,NSI.AS,20191201
2,45.75,45.75,51.7,45.75,49.0,NSI.AS,20200201
3,49.2,49.2,49.2,42.85,43.4,NSI.AS,20200101
4,0.0,0.0,0.0,0.0,0.0,NSI.AS,20200601
5,36.05,36.05,50.0,27.0,45.6,NSI.AS,20200301
6,0.0,0.0,0.0,0.0,0.0,NSI.AS,20200501
7,40.4,40.4,41.5,39.0,41.3,NSI.AS,20191101
8,40.95,40.95,41.65,39.35,39.8,NSI.AS,20191001
0,11.05,11.05,13.0,10.05,10.41,OCI.AS,20200401
1,18.75,18.75,19.58,17.21,17.3,OCI.AS,20191201
2,15.15,15.15,17.81,14.6,15.51,OCI.AS,20200201
3,15.6,15.6,19.7,14.99,18.75,OCI.AS,20200101
4,9.28,9.28,11.77,9.02,10.38,OCI.AS,20200601
5,10.96,10.96,15.85,7.67,15.28,OCI.AS,20200301
6,10.15,10.15,12.48,8.51,10.7,OCI.AS,20200501
7,17.2,17.2,21.22,16.98,20.33,OCI.AS,20191101
8,20.11,20.11,22.14,19.77,21.8,OCI.AS,20191001
0,6.0,6.0,6.05,5.6,6.05,ORANW.AS,20200401
1,6.1,6.1,6.3,5.95,6.1,ORANW.AS,20191201
2,6.1,6.1,6.3,5.7,5.9,ORANW.AS,20200201
3,6.1,6.1,6.2,5.9,6.1,ORANW.AS,20200101
4,5.9,5.9,5.95,5.5,5.9,ORANW.AS,20200601
5,6.05,6.05,6.1,5.5,6.1,ORANW.AS,20200301
6,5.9,5.9,6.0,5.8,5.95,ORANW.AS,20200501
7,6.25,6.25,6.25,6.1,6.15,ORANW.AS,20191101
8,6.15,6.15,6.25,5.5,5.5,ORANW.AS,20191001
0,1.6981,1.824,1.944,1.25,1.33,ORDI.AS,20200401
1,1.8945,2.035,2.075,1.98,2.04,ORDI.AS,20191201
2,2.1738,2.335,2.545,1.95,1.98,ORDI.AS,20200201
3,1.8489,1.986,2.09,1.96,2.035,ORDI.AS,20200101
4,1.822,1.822,2.1,1.742,1.95,ORDI.AS,20200601
5,1.2791,1.374,2.49,1.09,2.33,ORDI.AS,20200301
6,1.92,1.92,1.942,1.68,1.746,ORDI.AS,20200501
7,1.9131,2.055,2.13,1.79,1.83,ORDI.AS,20191101
8,1.6999,1.826,1.83,1.61,1.682,ORDI.AS,20191001
0,11.17,20.8,21.2,16.88,17.88,PSH.AS,20200401
1,10.24,19.16,19.3,18.02,18.64,PSH.AS,20191201
2,14.87,27.82,27.82,17.06,19.32,PSH.AS,20200201
3,10.36,19.38,20.7,19.1,19.16,PSH.AS,20200101
4,23.5,23.5,25.5,22.7,23.6,PSH.AS,20200601
5,9.76,18.18,18.82,12.96,17.5,PSH.AS,20200301
6,18.39,34.24,34.24,19.52,20.8,PSH.AS,20200501
7,13.75,25.87,25.87,18.02,18.6,PSH.AS,20191101
8,9.92,18.66,19.4,18.2,19.28,PSH.AS,20191001
0,1.346,1.346,1.4795,0.92,0.933,PHARM.AS,20200401
1,1.5675,1.5675,1.64,1.398,1.455,PHARM.AS,20191201
2,1.1195,1.1195,1.417,1.06,1.3,PHARM.AS,20200201
3,1.322,1.322,1.597,1.32,1.5675,PHARM.AS,20200101
4,1.166,1.166,1.354,1.1415,1.3505,PHARM.AS,20200601
5,0.97,0.97,1.275,0.75,1.159,PHARM.AS,20200301
6,1.3325,1.3325,1.41,1.246,1.3165,PHARM.AS,20200501
7,1.436,1.436,1.453,1.189,1.2845,PHARM.AS,20191101
8,1.279,1.279,1.308,1.0705,1.237,PHARM.AS,20191001
0,38.04,39.72,40.9,35.04,35.64,PHIA.AS,20200401
1,41.69,43.52,44.23,40.97,42.19,PHIA.AS,20191201
2,37.09,38.72,45.35,37.0,41.65,PHIA.AS,20200201
3,39.65,41.4,45.92,41.4,43.52,PHIA.AS,20200101
4,40.65,41.52,42.79,38.9,41.0,PHIA.AS,20200601
5,35.36,36.92,39.6,26.92,39.53,PHIA.AS,20200301
6,39.07,40.79,42.36,37.51,38.76,PHIA.AS,20200501
7,40.37,42.15,42.42,39.26,39.33,PHIA.AS,20191101
8,37.61,39.27,42.85,37.47,42.6,PHIA.AS,20191001
0,9.0,9.0,9.0,8.25,8.65,PORF.AS,20200401
1,9.65,9.65,9.9,9.6,9.9,PORF.AS,20191201
2,9.65,9.65,10.1,9.0,10.1,PORF.AS,20200201
3,10.1,10.1,10.1,9.65,9.65,PORF.AS,20200101
4,8.45,8.45,8.95,7.5,8.95,PORF.AS,20200601
5,8.65,8.65,9.75,7.7,9.65,PORF.AS,20200301
6,8.95,8.95,9.2,8.5,9.0,PORF.AS,20200501
7,9.9,9.9,9.9,9.65,9.65,PORF.AS,20191101
8,9.65,9.65,10.4,9.65,9.95,PORF.AS,20191001
0,1.569,1.569,1.5785,1.097,1.1235,PNL.AS,20200401
1,2.012,2.012,2.05,1.84,1.92,PNL.AS,20191201
2,1.375,1.375,1.7165,1.317,1.67,PNL.AS,20200201
3,1.6675,1.6675,2.031,1.6545,2.012,PNL.AS,20200101
4,1.9125,1.9125,1.9265,1.333,1.35,PNL.AS,20200601
5,1.146,1.146,1.4215,0.93,1.4,PNL.AS,20200301
6,1.3375,1.3375,1.49,1.2085,1.49,PNL.AS,20200501
7,1.92,1.92,2.095,1.87,2.062,PNL.AS,20191101
8,2.058,2.058,2.155,1.788,2.04,PNL.AS,20191001
0,69.18,69.18,70.2,59.7,61.26,PRX.AS,20200401
1,66.53,66.53,67.49,58.84,61.94,PRX.AS,20191201
2,63.67,63.67,72.66,61.19,65.98,PRX.AS,20200201
3,65.23,65.23,72.45,64.35,66.53,PRX.AS,20200101
4,82.74,82.74,85.1,73.56,77.98,PRX.AS,20200601
5,63.15,63.15,67.28,46.75,65.0,PRX.AS,20200301
6,74.6,74.6,84.08,66.0,66.94,PRX.AS,20200501
7,61.87,61.87,63.76,59.28,62.0,PRX.AS,20191101
8,61.83,61.83,68.49,61.55,67.1,PRX.AS,20191001
0,36.63,36.63,39.25,28.8,31.06,RAND.AS,20200401
1,50.83,54.44,55.54,51.7,53.0,RAND.AS,20191201
2,43.61,46.71,55.5,45.58,52.12,RAND.AS,20200201
3,48.51,51.96,56.1,51.84,54.44,RAND.AS,20200101
4,39.66,39.66,44.06,37.33,38.66,RAND.AS,20200601
5,30.04,32.17,47.18,27.71,46.79,RAND.AS,20200301
6,37.73,37.73,39.51,32.82,35.43,RAND.AS,20200501
7,49.36,52.86,53.52,49.67,49.77,RAND.AS,20191101
8,46.35,49.64,50.78,42.33,45.31,RAND.AS,20191001
0,13.42,13.42,15.13,13.07,14.0,REINA.AS,20200401
1,17.74,17.74,18.09,15.66,15.66,REINA.AS,20191201
2,18.61,18.61,21.04,18.5,20.0,REINA.AS,20200201
3,20.0,20.0,20.02,17.19,17.74,REINA.AS,20200101
4,14.68,14.68,16.03,13.56,15.03,REINA.AS,20200601
5,14.0,14.0,19.1,12.48,18.61,REINA.AS,20200301
6,14.06,14.06,15.25,14.0,14.3,REINA.AS,20200501
7,17.43,17.43,18.81,15.7,16.75,REINA.AS,20191101
8,16.76,16.76,16.91,15.91,15.96,REINA.AS,20191001
0,20.22,20.69,21.72,18.4,18.83,REN.AS,20200401
1,21.95,22.46,22.66,21.1,21.93,REN.AS,20191201
2,21.18,21.67,25.34,21.41,23.91,REN.AS,20200201
3,23.37,23.92,24.44,22.02,22.46,REN.AS,20200101
4,20.45,20.6,22.05,19.92,21.02,REN.AS,20200601
5,19.14,19.59,22.53,15.38,21.96,REN.AS,20200301
6,20.64,20.79,21.63,20.02,20.4,REN.AS,20200501
7,21.48,21.98,22.19,21.15,21.59,REN.AS,20191101
8,21.07,21.56,21.95,19.82,21.85,REN.AS,20191001
0,0.2905,0.2905,0.33,0.25,0.27,RWI.AS,20200401
1,0.4225,0.4225,0.568,0.415,0.442,RWI.AS,20200201
2,0.43,0.43,0.46,0.4268,0.4268,RWI.AS,20200101
3,0.29,0.29,0.3235,0.269,0.27,RWI.AS,20200601
4,0.26,0.26,0.438,0.24,0.432,RWI.AS,20200301
5,0.258,0.258,0.31,0.2,0.304,RWI.AS,20200501
0,45.94,49.35,54.1,44.6,47.4,RET.BR,20200401
1,78.1,83.9,89.0,80.6,89.0,RET.BR,20191201
2,66.74,71.7,83.9,71.4,82.5,RET.BR,20200201
3,77.07,82.8,86.2,82.3,83.9,RET.BR,20200101
4,55.76,59.9,66.9,56.3,59.4,RET.BR,20200601
5,44.12,47.4,78.6,38.9,71.6,RET.BR,20200301
6,55.01,59.1,59.2,47.1,49.4,RET.BR,20200501
7,82.94,89.1,89.1,84.5,85.8,RET.BR,20191101
8,79.68,85.6,87.2,83.0,86.1,RET.BR,20191001
0,0.162,0.162,0.208,0.15,0.179,ROOD.AS,20200401
1,0.247,0.247,0.249,0.218,0.218,ROOD.AS,20191201
2,0.22,0.22,0.255,0.21,0.237,ROOD.AS,20200201
3,0.235,0.235,0.267,0.222,0.247,ROOD.AS,20200101
4,0.167,0.167,0.185,0.1555,0.18,ROOD.AS,20200601
5,0.183,0.183,0.224,0.1535,0.224,ROOD.AS,20200301
6,0.178,0.178,0.193,0.151,0.162,ROOD.AS,20200501
7,0.215,0.215,0.22,0.209,0.216,ROOD.AS,20191101
8,0.212,0.212,0.228,0.2,0.215,ROOD.AS,20191001
0,15.15,15.48,18.57,14.77,15.57,RDSA.AS,20200401
1,25.16,26.17,26.79,25.3,26.08,RDSA.AS,20191201
2,18.67,19.41,24.32,19.21,23.61,RDSA.AS,20200201
3,22.84,23.75,27.39,23.63,26.17,RDSA.AS,20200101
4,14.23,14.4,17.64,14.23,14.58,RDSA.AS,20200601
5,15.95,16.3,20.59,10.3,20.4,RDSA.AS,20200301
6,13.88,14.18,16.02,13.44,14.9,RDSA.AS,20200501
7,24.62,26.0,27.48,26.0,26.05,RDSA.AS,20191101
8,24.65,26.03,27.16,25.54,27.01,RDSA.AS,20191001
0,14.57,14.9,17.52,14.3,14.69,RDSB.AS,20200401
1,25.47,26.5,27.11,25.44,26.18,RDSB.AS,20191201
2,18.81,19.58,24.58,19.38,24.0,RDSB.AS,20200201
3,23.28,24.23,27.76,24.09,26.5,RDSB.AS,20200101
4,13.34,13.5,16.8,13.4,14.08,RDSB.AS,20200601
5,14.97,15.31,20.74,9.5,20.47,RDSB.AS,20200301
6,13.39,13.7,15.19,12.84,14.28,RDSB.AS,20200501
7,24.78,26.18,27.71,26.12,26.12,RDSB.AS,20191101
8,24.72,26.12,27.47,25.75,27.33,RDSB.AS,20191001
0,23.19,24.21,26.36,21.0,21.98,SGO.PA,20200401
1,34.96,36.5,39.56,35.82,36.81,SGO.PA,20191201
2,30.26,31.6,36.47,31.58,34.23,SGO.PA,20200201
3,32.79,34.24,37.26,34.06,36.5,SGO.PA,20200101
4,30.69,32.05,33.62,28.7,29.5,SGO.PA,20200601
5,21.23,22.17,33.68,16.41,32.44,SGO.PA,20200301
6,27.84,29.07,29.51,22.64,23.61,SGO.PA,20200501
7,35.2,36.75,38.35,36.04,36.68,SGO.PA,20191101
8,34.93,36.47,38.5,33.49,36.2,SGO.PA,20191001
0,10.88,11.56,13.46,9.95,11.78,SBMO.AS,20200401
1,15.62,16.59,16.77,14.81,15.31,SBMO.AS,20191201
2,13.41,14.23,17.44,14.09,15.52,SBMO.AS,20200201
3,14.63,15.53,17.2,15.49,16.59,SBMO.AS,20200101
4,13.02,13.02,14.76,12.4,12.53,SBMO.AS,20200601
5,11.34,12.04,15.38,9.77,14.59,SBMO.AS,20200301
6,12.29,12.29,12.95,10.94,11.25,SBMO.AS,20200501
7,14.4,15.3,16.84,15.24,15.44,SBMO.AS,20191101
8,14.52,15.41,16.29,14.2,15.2,SBMO.AS,20191001
0,9.78,9.78,9.91,8.55,9.4,SIFG.AS,20200401
1,12.5,12.5,12.5,11.24,11.82,SIFG.AS,20191201
2,13.14,13.14,14.62,12.88,13.2,SIFG.AS,20200201
3,13.34,13.34,13.84,11.82,12.5,SIFG.AS,20200101
4,10.3,10.3,11.54,9.66,10.24,SIFG.AS,20200601
5,9.51,9.51,13.88,7.5,13.36,SIFG.AS,20200301
6,10.14,10.14,10.3,8.5,9.4,SIFG.AS,20200501
7,11.7,11.7,13.84,11.16,12.8,SIFG.AS,20191101
8,12.9,12.9,13.72,12.1,13.06,SIFG.AS,20191001
0,18.61,18.61,19.75,14.26,17.25,LIGHT.AS,20200401
1,27.86,27.86,29.14,26.99,27.07,LIGHT.AS,20191201
2,26.8,26.8,33.69,26.18,29.77,LIGHT.AS,20200201
3,30.12,30.12,30.55,27.56,27.86,LIGHT.AS,20200101
4,22.99,22.99,23.02,19.23,19.6,LIGHT.AS,20200601
5,17.69,17.69,27.38,16.37,26.8,LIGHT.AS,20200301
6,19.23,19.23,20.61,15.69,18.1,LIGHT.AS,20200501
7,27.07,27.07,28.04,26.1,26.25,LIGHT.AS,20191101
8,26.24,26.24,27.1,23.51,25.23,LIGHT.AS,20191001
0,14.18,14.18,15.1,12.9,13.54,SLIGR.AS,20200401
1,22.41,24.0,24.25,23.0,23.55,SLIGR.AS,20191201
2,20.54,22.0,25.65,21.8,25.6,SLIGR.AS,20200201
3,24.09,25.8,26.35,24.0,24.0,SLIGR.AS,20200101
4,13.72,13.72,16.9,13.64,15.5,SLIGR.AS,20200601
5,12.66,13.56,22.95,11.62,22.05,SLIGR.AS,20200301
6,15.4,15.4,16.44,12.02,13.8,SLIGR.AS,20200501
7,22.13,23.7,24.25,22.7,22.8,SLIGR.AS,20191101
8,21.29,22.8,25.95,21.6,25.95,SLIGR.AS,20191001
0,13.2,13.2,14.0,11.4,12.1,SNOW.AS,20200401
1,14.3,14.3,14.7,14.1,14.1,SNOW.AS,20191201
2,14.2,14.2,16.8,13.0,16.0,SNOW.AS,20200201
3,16.0,16.0,16.0,14.3,14.3,SNOW.AS,20200101
4,15.9,15.9,16.0,11.2,11.9,SNOW.AS,20200601
5,11.5,11.5,15.8,10.1,15.8,SNOW.AS,20200301
6,12.0,12.0,13.2,11.5,13.2,SNOW.AS,20200501
7,14.1,14.1,14.5,13.8,14.5,SNOW.AS,20191101
8,14.5,14.5,14.5,13.5,13.8,SNOW.AS,20191001
0,8.9,8.9,9.0,7.66,8.0,STRN.AS,20200401
1,14.4,14.4,14.7,12.05,12.35,STRN.AS,20191201
2,16.2,16.2,17.9,14.35,15.15,STRN.AS,20200201
3,15.0,15.0,15.5,13.65,14.4,STRN.AS,20200101
4,9.5,9.5,10.45,9.34,9.6,STRN.AS,20200601
5,8.0,8.0,16.1,7.6,16.0,STRN.AS,20200301
6,9.5,9.5,10.5,8.22,8.7,STRN.AS,20200501
7,12.3,12.3,13.25,12.25,13.0,STRN.AS,20191101
8,13.0,13.0,14.85,12.75,14.65,STRN.AS,20191001
0,8.85,9.05,9.4,7.3,7.32,TFG.AS,20200401
1,11.98,12.25,12.5,12.15,12.45,TFG.AS,20191201
2,24.22,24.76,24.76,11.6,12.2,TFG.AS,20200201
3,11.93,12.2,12.25,11.7,12.25,TFG.AS,20200101
4,8.66,8.76,10.0,8.42,9.0,TFG.AS,20200601
5,7.22,7.38,11.6,6.42,11.6,TFG.AS,20200301
6,8.67,8.86,9.26,7.88,9.26,TFG.AS,20200501
7,23.12,23.63,23.63,12.25,12.35,TFG.AS,20191101
8,12.03,12.3,12.5,12.25,12.4,TFG.AS,20191001
0,0.0945,0.0945,0.0985,0.06,0.066,TBIRD.AS,20200401
1,0.095,0.095,0.099,0.0655,0.0655,TBIRD.AS,20191201
2,0.108,0.108,0.114,0.08,0.114,TBIRD.AS,20200201
3,0.11,0.11,0.12,0.081,0.095,TBIRD.AS,20200101
4,0.0785,0.0785,0.0915,0.062,0.0915,TBIRD.AS,20200601
5,0.06,0.06,0.108,0.0485,0.108,TBIRD.AS,20200301
6,0.0935,0.0935,0.0945,0.0835,0.0945,TBIRD.AS,20200501
7,0.076,0.076,0.106,0.076,0.103,TBIRD.AS,20191101
8,0.103,0.103,0.107,0.092,0.106,TBIRD.AS,20191001
0,6.8,6.8,7.0,6.5,7.0,TIE.AS,20200401
1,8.35,8.35,8.9,8.2,8.85,TIE.AS,20191201
2,7.65,7.65,8.25,6.6,6.65,TIE.AS,20200201
3,7.0,7.0,8.35,6.6,8.35,TIE.AS,20200101
4,10.2,10.2,10.3,7.7,7.9,TIE.AS,20200601
5,7.2,7.2,8.4,6.55,7.6,TIE.AS,20200301
6,7.95,7.95,8.5,6.7,6.75,TIE.AS,20200501
7,8.85,8.85,9.0,8.05,8.95,TIE.AS,20191101
8,8.7,8.7,8.9,8.2,8.8,TIE.AS,20191001
0,30.64,32.1,33.68,24.26,24.84,TWEKA.AS,20200401
1,47.63,49.9,50.75,45.1,47.1,TWEKA.AS,20191201
2,39.1,40.96,49.94,39.64,47.8,TWEKA.AS,20200201
3,45.67,47.84,51.7,47.84,49.9,TWEKA.AS,20200101
4,35.08,35.08,37.92,31.02,31.76,TWEKA.AS,20200601
5,24.23,25.38,42.1,23.2,40.92,TWEKA.AS,20200301
6,30.3,31.74,33.44,26.64,31.3,TWEKA.AS,20200501
7,44.9,47.04,49.32,45.18,45.82,TWEKA.AS,20191101
8,43.78,45.86,48.42,43.12,45.84,TWEKA.AS,20191001
0,7.2,7.2,8.24,6.88,6.96,TOM2.AS,20200401
1,9.42,9.42,9.62,9.16,9.6,TOM2.AS,20191201
2,9.13,9.13,10.8,8.76,9.8,TOM2.AS,20200201
3,9.82,9.82,10.49,9.16,9.42,TOM2.AS,20200101
4,7.04,7.04,8.22,6.93,7.63,TOM2.AS,20200601
5,7.12,7.12,9.39,5.95,9.21,TOM2.AS,20200301
6,7.63,7.63,7.7,6.45,6.99,TOM2.AS,20200501
7,9.53,9.53,10.4,9.38,10.2,TOM2.AS,20191101
8,10.13,10.13,10.78,9.61,10.35,TOM2.AS,20191001
0,47.94,53.72,66.96,45.22,50.5,URW.AS,20200401
1,115.02,140.65,143.15,136.75,141.9,URW.AS,20191201
2,89.14,109.0,129.8,104.9,122.6,URW.AS,20200201
3,100.26,122.6,142.05,121.8,140.65,URW.AS,20200101
4,44.77,50.16,76.2,48.22,50.16,URW.AS,20200601
5,42.16,51.56,109.95,47.04,109.95,URW.AS,20200301
6,42.57,47.7,53.48,40.64,52.0,URW.AS,20200501
7,116.04,141.9,145.2,137.8,139.35,URW.AS,20191101
8,113.38,138.65,143.3,126.4,134.0,URW.AS,20191001
0,44.8,45.58,47.89,42.79,43.58,UNA.AS,20200401
1,49.98,51.23,55.19,50.74,54.14,UNA.AS,20191201
2,46.45,47.62,55.39,47.01,52.96,UNA.AS,20200201
3,51.41,52.7,53.5,49.5,51.23,UNA.AS,20200101
4,46.87,47.25,50.6,45.76,46.65,UNA.AS,20200601
5,44.04,44.81,51.05,38.42,48.08,UNA.AS,20200301
6,45.7,46.49,46.64,43.35,44.61,UNA.AS,20200501
7,52.49,53.8,54.73,52.15,53.29,UNA.AS,20191101
8,51.26,52.95,55.7,51.89,55.43,UNA.AS,20191001
0,12.54,14.0,14.4,10.84,11.4,VLK.AS,20200401
1,16.76,20.05,22.55,20.0,21.5,VLK.AS,20191201
2,16.55,18.48,20.4,17.92,19.16,VLK.AS,20200201
3,17.16,19.16,20.4,19.1,20.05,VLK.AS,20200101
4,11.57,12.92,16.32,12.52,13.9,VLK.AS,20200601
5,10.03,11.2,19.68,9.23,18.6,VLK.AS,20200301
6,12.41,13.86,14.4,12.0,13.66,VLK.AS,20200501
7,17.97,21.5,22.1,20.7,20.8,VLK.AS,20191101
8,17.26,20.65,20.85,18.68,20.2,VLK.AS,20191001
0,4.23,4.36,4.5,3.7,3.71,VALUE.AS,20200401
1,5.41,5.58,5.64,5.5,5.6,VALUE.AS,20191201
2,4.85,5.0,5.52,4.9,5.5,VALUE.AS,20200201
3,5.33,5.5,5.7,5.46,5.58,VALUE.AS,20200101
4,4.55,4.69,4.98,4.46,4.73,VALUE.AS,20200601
5,3.65,3.76,5.38,3.32,5.0,VALUE.AS,20200301
6,4.59,4.73,4.9,4.25,4.34,VALUE.AS,20200501
7,5.43,5.6,5.76,5.44,5.48,VALUE.AS,20191101
8,5.27,5.44,5.6,5.4,5.6,VALUE.AS,20191001
0,25.78,27.6,27.6,25.0,25.0,PREVA.AS,20200401
1,27.08,29.0,29.8,27.2,27.2,PREVA.AS,20191201
2,25.22,27.0,28.6,27.0,28.6,PREVA.AS,20200201
3,26.71,28.6,29.0,28.6,29.0,PREVA.AS,20200101
4,5.74,6.15,29.0,6.1,29.0,PREVA.AS,20200601
5,23.35,25.0,27.0,25.0,27.0,PREVA.AS,20200301
6,27.08,29.0,29.0,27.0,27.0,PREVA.AS,20200501
7,25.4,27.2,29.6,27.2,29.2,PREVA.AS,20191101
8,25.4,27.2,27.2,27.0,27.0,PREVA.AS,20191001
0,14.5,16.76,17.62,13.88,15.0,VASTN.AS,20200401
1,23.09,26.7,27.75,25.55,27.6,VASTN.AS,20191201
2,19.76,22.85,28.05,22.85,24.3,VASTN.AS,20200201
3,21.02,24.3,27.25,24.05,26.7,VASTN.AS,20200101
4,18.17,19.0,22.75,17.94,18.34,VASTN.AS,20200601
5,13.23,15.3,25.4,14.3,23.0,VASTN.AS,20200301
6,17.18,17.96,18.72,15.26,16.5,VASTN.AS,20200501
7,23.87,27.6,30.15,26.85,27.25,VASTN.AS,20191101
8,23.27,26.9,28.8,26.1,27.5,VASTN.AS,20191001
0,1.566,1.566,1.7,1.33,1.35,VEON.AS,20200401
1,2.0228,2.18,2.4,2.15,2.4,VEON.AS,20191201
2,1.7212,1.855,2.56,1.835,2.35,VEON.AS,20200201
3,2.1341,2.3,2.48,2.18,2.18,VEON.AS,20200101
4,1.518,1.518,1.598,1.36,1.4,VEON.AS,20200601
5,1.335,1.335,1.92,1.13,1.87,VEON.AS,20200301
6,1.386,1.386,1.558,1.36,1.558,VEON.AS,20200501
7,2.162,2.33,2.44,2.06,2.13,VEON.AS,20191101
8,1.9578,2.11,2.27,2.0,2.15,VEON.AS,20191001
0,4.1,4.1,4.64,3.65,3.8,VVY.AS,20200401
1,5.44,5.44,5.44,5.01,5.12,VVY.AS,20191201
2,4.59,4.59,6.82,4.5,6.1,VVY.AS,20200201
3,6.15,6.15,8.5,5.02,5.44,VVY.AS,20200101
4,3.94,3.94,4.25,3.76,3.92,VVY.AS,20200601
5,3.8,3.8,5.7,3.15,4.75,VVY.AS,20200301
6,3.98,3.98,4.3,3.63,4.0,VVY.AS,20200501
7,5.12,5.12,5.95,4.9,5.14,VVY.AS,20191101
8,5.15,5.15,6.52,5.1,5.82,VVY.AS,20191001
0,3.4877,3.92,4.08,3.2,3.75,VTA.AS,20200401
1,5.8187,6.54,6.68,5.94,6.32,VTA.AS,20191201
2,6.6907,7.52,7.52,6.0,6.58,VTA.AS,20200201
3,5.8365,6.56,6.68,6.44,6.54,VTA.AS,20200101
4,4.3292,4.55,4.81,4.45,4.59,VTA.AS,20200601
5,4.502,5.06,6.38,3.52,6.28,VTA.AS,20200301
6,4.2702,4.59,4.63,3.51,3.92,VTA.AS,20200501
7,6.6907,7.52,7.52,6.24,6.52,VTA.AS,20191101
8,5.9611,6.7,6.74,6.48,6.72,VTA.AS,20191001
0,51.47,52.62,54.24,43.59,46.43,VPK.AS,20200401
1,47.27,48.33,49.27,47.33,48.39,VPK.AS,20191201
2,42.21,43.15,52.5,42.45,48.45,VPK.AS,20200201
3,47.32,48.38,50.38,47.37,48.33,VPK.AS,20200101
4,47.08,47.08,51.6,46.56,49.56,VPK.AS,20200601
5,46.38,47.42,49.06,40.27,43.55,VPK.AS,20200301
6,49.31,49.31,52.38,46.9,51.54,VPK.AS,20200501
7,47.33,48.39,51.96,47.07,49.38,VPK.AS,20191101
8,48.12,49.19,49.65,46.16,47.1,VPK.AS,20191001
0,24.26,25.0,26.83,22.51,25.5,WDP.BR,20200401
1,22.49,23.17,23.46,21.63,23.0,WDP.BR,20191201
2,23.48,24.2,29.14,24.2,25.78,WDP.BR,20200201
3,25.03,25.79,25.83,23.03,23.17,WDP.BR,20200101
4,24.3,24.3,25.43,23.3,24.05,WDP.BR,20200601
5,25.4,26.17,26.99,16.0,24.3,WDP.BR,20200301
6,23.0,23.7,24.55,22.61,24.2,WDP.BR,20200501
7,22.26,22.94,24.11,22.94,23.74,WDP.BR,20191101
8,23.04,23.74,24.34,22.69,24.14,WDP.BR,20191001
0,7.3,8.0,8.58,6.0,6.56,WHA.AS,20200401
1,17.73,20.12,22.16,19.67,21.8,WHA.AS,20191201
2,13.19,14.45,17.66,13.86,16.6,WHA.AS,20200201
3,14.63,16.6,20.66,16.6,20.12,WHA.AS,20200101
4,8.18,8.18,11.97,7.73,7.77,WHA.AS,20200601
5,6.09,6.67,15.12,6.51,14.58,WHA.AS,20200301
6,7.61,7.61,8.34,6.12,7.79,WHA.AS,20200501
7,19.12,21.7,21.84,20.52,21.2,WHA.AS,20191101
8,18.15,21.2,22.42,19.31,20.4,WHA.AS,20191001
0,66.34,67.12,69.04,59.2,62.4,WKL.AS,20200401
1,64.26,65.02,66.64,63.04,65.2,WKL.AS,20191201
2,65.55,66.32,70.96,64.88,68.0,WKL.AS,20200201
3,67.13,67.92,69.78,64.06,65.02,WKL.AS,20200101
4,69.52,69.52,72.2,65.0,72.0,WKL.AS,20200601
5,63.43,64.18,70.72,52.04,67.32,WKL.AS,20200301
6,71.68,71.68,71.68,63.6,65.62,WKL.AS,20200501
7,64.4,65.16,66.02,62.92,65.5,WKL.AS,20191101
8,65.25,66.02,67.72,62.18,67.3,WKL.AS,20191001
0,4.0,4.0,4.2,4.0,4.1,YATRA.AS,20200401
1,3.8,3.8,4.43,3.8,3.8,YATRA.AS,20191201
2,4.18,4.18,4.18,4.0,4.0,YATRA.AS,20200201
3,4.0,4.0,4.16,3.8,3.8,YATRA.AS,20200101
4,4.0,4.0,4.0,4.0,4.0,YATRA.AS,20200601
5,0.0,0.0,0.0,0.0,0.0,YATRA.AS,20200301
6,4.0,4.0,4.0,4.0,4.0,YATRA.AS,20200501
7,4.43,4.43,4.43,4.02,4.02,YATRA.AS,20191101
8,3.8,3.8,4.16,3.8,3.8,YATRA.AS,20191001
